<?xml version="1.0" encoding="UTF-8"?>
<project-private xmlns="http://www.netbeans.org/ns/project-private/1">
    <editor-bookmarks xmlns="http://www.netbeans.org/ns/editor-bookmarks/2" lastBookmarkId="0"/>
    <open-files xmlns="http://www.netbeans.org/ns/projectui-open-files/2">
        <group>
            <file>file:/C:/Users/parin/OneDrive/Documents/NetBeansProjects/Login_2.0/Login/src/stud_dash/dash2.java</file>
            <file>file:/C:/Users/parin/OneDrive/Documents/NetBeansProjects/Login_2.0/Login/src/login_dash/retrive_dash.java</file>
            <file>file:/C:/Users/parin/OneDrive/Documents/NetBeansProjects/Login_2.0/Login/src/login_dash/r_table.java</file>
            <file>file:/C:/Users/parin/OneDrive/Documents/NetBeansProjects/Login_2.0/Login/src/login_dash/deleteintern.java</file>
            <file>file:/C:/Users/parin/OneDrive/Documents/NetBeansProjects/Login_2.0/Login/src/stud_dash/login_stud1.java</file>
            <file>file:/C:/Users/parin/OneDrive/Documents/NetBeansProjects/Login_2.0/Login/src/stud_dash/intern.java</file>
            <file>file:/C:/Users/parin/OneDrive/Documents/NetBeansProjects/Login_2.0/Login/src/login_dash/s_table.java</file>
            <file>file:/C:/Users/parin/OneDrive/Documents/NetBeansProjects/Login_2.0/Login/src/login_dash/searchintern.java</file>
            <file>file:/C:/Users/parin/OneDrive/Documents/NetBeansProjects/Login_2.0/Login/src/login_dash/insertintern.java</file>
            <file>file:/C:/Users/parin/OneDrive/Documents/NetBeansProjects/Login_2.0/Login/src/login_dash/Signup.java</file>
            <file>file:/C:/Users/parin/OneDrive/Documents/NetBeansProjects/Login_2.0/Login/src/login_dash/update_dash.java</file>
            <file>file:/C:/Users/parin/OneDrive/Documents/NetBeansProjects/Login_2.0/Login/src/login_dash/insert_form.java</file>
            <file>file:/C:/Users/parin/OneDrive/Documents/NetBeansProjects/Login_2.0/Login/src/login_dash/dash1.java</file>
            <file>file:/C:/Users/parin/OneDrive/Documents/NetBeansProjects/Login_2.0/Login/src/stud_dash/applyintern.java</file>
            <file>file:/C:/Users/parin/OneDrive/Documents/NetBeansProjects/Login_2.0/Login/src/login_dash/Login.java</file>
            <file>file:/C:/Users/parin/OneDrive/Documents/NetBeansProjects/Login_2.0/Login/src/stud_dash/login_stud.java</file>
        </group>
    </open-files>
</project-private>
